dataset_id,technology,organ,target_gene,n_types,n_ligands,type_feat_pearson,ridge_silly_coef_pearson,ridge_silly_coef_cosine,ridge_abund_coef_pearson,ridge_abund_coef_cosine
mouse_ln_slideseqv2,SlideSeqV2,lymph_node,Cd74,6,5,0.956167781584645,0.9938013872461535,0.9499964777669019,-0.2973130676660032,0.7416688748487288
mouse_ln_slideseqv2,SlideSeqV2,lymph_node,H2-ab1,6,5,0.956167781584645,0.6595759069382124,0.5815261428837263,,0.12592018123198714
mouse_ln_slideseqv2,SlideSeqV2,lymph_node,Naca,6,5,0.956167781584645,0.6962696053789366,0.8630505815053907,,0.7127270792944486
mouse_ln_slideseqv2,SlideSeqV2,lymph_node,Fth1,6,5,0.956167781584645,0.5951003312312215,0.7413900515492339,,0.5687318160917766
mouse_ln_slideseqv2,SlideSeqV2,lymph_node,Calm1,6,5,0.956167781584645,0.5216698238015778,0.6425341772864944,,0.4717218248115798
mouse_ln_slideseqv2,SlideSeqV2,lymph_node,Ighm,6,5,0.956167781584645,0.9954934487251914,0.9872681390149096,,0.5549919350503862
mouse_ln_slideseqv2,SlideSeqV2,lymph_node,Cd52,6,5,0.956167781584645,0.143913659472545,-0.004110027776281329,,-0.13112144070728515
mouse_ln_slideseqv2,SlideSeqV2,lymph_node,H2-aa,6,5,0.956167781584645,0.996204482522459,0.9525416117387612,-0.4279385632365632,0.6648559744711575
mouse_ln_slideseqv2,SlideSeqV2,lymph_node,Cox4i1,6,5,0.956167781584645,0.8766872047752194,0.8699788474354346,,-0.49826824423471766
mouse_ln_slideseqv2,SlideSeqV2,lymph_node,Ighd,6,5,0.956167781584645,0.9964140503395305,0.9720088433780553,,0.5448406616822428
mouse_ln_slideseqv2,SlideSeqV2,lymph_node,Ncl,6,5,0.956167781584645,0.6465449966292588,0.8624055028286732,,0.765445374421946
mouse_ln_slideseqv2,SlideSeqV2,lymph_node,Lyz2,6,5,0.956167781584645,0.6462034917425753,0.755904958910079,,0.5405641805503811
mouse_ln_slideseqv2,SlideSeqV2,lymph_node,Cd79b,6,5,0.956167781584645,0.6194773313340332,0.594889031175391,,0.27140449920804444
mouse_ln_slideseqv2,SlideSeqV2,lymph_node,Malat1,6,5,0.956167781584645,0.5902718810953662,0.8103569362351392,,0.7155144082652537
mouse_ln_slideseqv2,SlideSeqV2,lymph_node,Snrpd3,6,5,0.956167781584645,0.6959739570775578,0.8018055437605712,,0.586767070436405
human_tonsil_slidetags,SlideTags,tonsil,TMSB4X,11,10,0.9782254981297234,0.9528294063492284,0.9869842331077434,,0.850464669222879
human_tonsil_slidetags,SlideTags,tonsil,SAMD12,11,10,0.9782254981297234,0.19222920115482742,0.2556059092235123,,0.23252542572641602
human_tonsil_slidetags,SlideTags,tonsil,ARHGAP24,11,10,0.9782254981297234,0.8149885338700327,0.8206304800396873,,-0.19144984169406634
human_tonsil_slidetags,SlideTags,tonsil,TOX,11,10,0.9782254981297234,0.9682595373846479,0.9758633021806535,,0.8272175194483248
human_tonsil_slidetags,SlideTags,tonsil,MAML2,11,10,0.9782254981297234,0.950976570064004,0.9576296368903224,,0.36925189566726524
human_tonsil_slidetags,SlideTags,tonsil,IGLC1,11,10,0.9782254981297234,0.9856151835890531,0.9932884268912717,,0.729154046568472
human_tonsil_slidetags,SlideTags,tonsil,IGHA1,11,10,0.9782254981297234,0.9850011181932637,0.9931236072109846,,0.7375142727104469
human_tonsil_slidetags,SlideTags,tonsil,LRMP,11,10,0.9782254981297234,-0.011337462946226062,0.15144885249755172,,0.23581311135134497
human_tonsil_slidetags,SlideTags,tonsil,FDCSP,11,10,0.9782254981297234,0.9717680777865274,0.9774252381957054,,0.44615271650615596
human_tonsil_slidetags,SlideTags,tonsil,PDE4D,11,10,0.9782254981297234,0.7538576360049143,0.7436476329736723,,0.12560596555761724
human_tonsil_slidetags,SlideTags,tonsil,CLU,11,10,0.9782254981297234,0.9714032692336017,0.9780565842782799,,0.4807933516615615
human_tonsil_slidetags,SlideTags,tonsil,SKAP1,11,10,0.9782254981297234,0.8784195488847262,0.8778922577705818,,-0.1053771512540868
human_tonsil_slidetags,SlideTags,tonsil,IGHG3,11,10,0.9782254981297234,0.9857001389985949,0.9933251923158561,,0.7289958295006623
human_tonsil_slidetags,SlideTags,tonsil,IGHG1,11,10,0.9782254981297234,0.9856314722366271,0.9933988318282461,,0.7340708286665958
human_tonsil_slidetags,SlideTags,tonsil,CD74,11,10,0.9782254981297234,0.9451588125074352,0.9448048151028194,,0.08680730549597658
human_tonsil_slidetags_fine,SlideTags,tonsil,HMGB1,12,10,0.9856175497572123,0.9175101559542245,0.8319401352141467,,0.6494726493728054
human_tonsil_slidetags_fine,SlideTags,tonsil,LRMP,12,10,0.9856175497572123,0.2500657511505944,0.1486880994463757,,0.8638634727639428
human_tonsil_slidetags_fine,SlideTags,tonsil,FDCSP,12,10,0.9856175497572123,0.8165712078569372,0.9894942712866208,,0.9704710285508459
human_tonsil_slidetags_fine,SlideTags,tonsil,PTPRC,12,10,0.9856175497572123,0.912887784172862,0.8997511663376209,,0.453796129225631
human_tonsil_slidetags_fine,SlideTags,tonsil,IGLC1,12,10,0.9856175497572123,0.9410942163527252,0.9970002152914902,,0.9826995969852531
human_tonsil_slidetags_fine,SlideTags,tonsil,IGHA1,12,10,0.9856175497572123,0.9396522732353539,0.9966558361127575,,0.9804577365577988
human_tonsil_slidetags_fine,SlideTags,tonsil,TOX,12,10,0.9856175497572123,0.866062592480701,0.9866934672807504,,0.947257849721755
human_tonsil_slidetags_fine,SlideTags,tonsil,IGHG3,12,10,0.9856175497572123,0.9453351871927325,0.996593787176539,,0.9807344519205775
human_tonsil_slidetags_fine,SlideTags,tonsil,IGHG1,12,10,0.9856175497572123,0.9442464584375825,0.996698180390417,,0.981233272935724
human_tonsil_slidetags_fine,SlideTags,tonsil,CD74,12,10,0.9856175497572123,0.5397074883852491,0.5394023879182119,,0.11715754713235764
human_tonsil_slidetags_fine,SlideTags,tonsil,CLU,12,10,0.9856175497572123,0.7990437293921038,0.9910178206871634,,0.9768697019100318
human_tonsil_slidetags_fine,SlideTags,tonsil,BANK1,12,10,0.9856175497572123,0.19574588407339227,0.19171048344413952,,0.27766490043605635
human_tonsil_slidetags_fine,SlideTags,tonsil,ARHGAP24,12,10,0.9856175497572123,0.8510596509427084,0.9485364568901824,,0.8024333076440124
human_tonsil_slidetags_fine,SlideTags,tonsil,MYO1E,12,10,0.9856175497572123,0.19038884859489083,0.18184595940869008,,0.4052310170189691
human_tonsil_slidetags_fine,SlideTags,tonsil,PAX5,12,10,0.9856175497572123,0.9324865171253061,0.9971280234090907,,0.9793535737033193
human_melanoma_slidetags,SlideTags,tumor_melanoma,CBLB,7,6,0.9828833818349407,0.830033424119493,0.9675694247901105,,0.9011396584745092
human_melanoma_slidetags,SlideTags,tumor_melanoma,TOX,7,6,0.9828833818349407,0.7952009341085883,0.9677866221134896,,0.9129836615673727
human_melanoma_slidetags,SlideTags,tumor_melanoma,PTPRC,7,6,0.9828833818349407,0.8300313524653861,0.9566700722122106,,0.8533207266678077
human_melanoma_slidetags,SlideTags,tumor_melanoma,FMN1,7,6,0.9828833818349407,0.9959966094879963,0.9962334945823161,,0.3134849418013525
human_melanoma_slidetags,SlideTags,tumor_melanoma,CDH19,7,6,0.9828833818349407,0.9962190537127189,0.9939324347997167,,0.19803730791815616
human_melanoma_slidetags,SlideTags,tumor_melanoma,FMNL2,7,6,0.9828833818349407,0.8421760356669077,0.793598816775165,,0.4060144164846309
human_melanoma_slidetags,SlideTags,tumor_melanoma,BCL2,7,6,0.9828833818349407,0.9421802105285593,0.911862347035075,,0.06150349603619643
human_melanoma_slidetags,SlideTags,tumor_melanoma,ST6GAL1,7,6,0.9828833818349407,0.7011897118649467,0.7565716132539896,,0.4006952532178694
human_melanoma_slidetags,SlideTags,tumor_melanoma,B2M,7,6,0.9828833818349407,0.9949425025894496,0.9928848522463103,,0.2655731980643043
human_melanoma_slidetags,SlideTags,tumor_melanoma,IGLC3,7,6,0.9828833818349407,0.0138036064454541,0.19269660066858557,,0.39556106290760273
human_melanoma_slidetags,SlideTags,tumor_melanoma,FNDC3B,7,6,0.9828833818349407,0.9060741940449805,0.9227671095680934,,0.4267607701605678
human_melanoma_slidetags,SlideTags,tumor_melanoma,IGHGP,7,6,0.9828833818349407,0.9944813292489953,0.9898668200801033,,0.3743432565434125
human_melanoma_slidetags,SlideTags,tumor_melanoma,KCNMA1,7,6,0.9828833818349407,0.8689391897233558,0.8062979927795452,,0.38629151747090157
human_melanoma_slidetags,SlideTags,tumor_melanoma,DISC1FP1,7,6,0.9828833818349407,0.9962150098197726,0.993924160217527,,0.19913188421731706
human_melanoma_slidetags,SlideTags,tumor_melanoma,GLCCI1,7,6,0.9828833818349407,0.9818363249346269,0.9797521347135999,,0.2468853512803489
mouse_kidney_visiumhd,VisiumHD,kidney,Igfbp7,7,6,0.9215343598301073,0.8668857688317793,0.961981474115565,,0.8657203835822722
mouse_kidney_visiumhd,VisiumHD,kidney,Slc27a2,7,6,0.9215343598301073,0.9849249115502994,0.9270550415427555,,-0.15004821715214076
mouse_kidney_visiumhd,VisiumHD,kidney,Aldob,7,6,0.9215343598301073,0.44894541853499603,0.39607366094123087,,-0.216924478067908
mouse_kidney_visiumhd,VisiumHD,kidney,Chpt1,7,6,0.9215343598301073,0.40447779959929603,0.4205658342572275,,-0.39034703891531775
mouse_kidney_visiumhd,VisiumHD,kidney,Prdx5,7,6,0.9215343598301073,0.24512333454982127,0.24437595625198805,,-0.04745479831895932
mouse_kidney_visiumhd,VisiumHD,kidney,Slc34a1,7,6,0.9215343598301073,0.9852742355999722,0.9302090630050869,,-0.12222527641249849
mouse_kidney_visiumhd,VisiumHD,kidney,Acsm2,7,6,0.9215343598301073,0.9824034556307737,0.8988894700044868,,-0.22552481284608406
mouse_kidney_visiumhd,VisiumHD,kidney,Pck1,7,6,0.9215343598301073,0.5938151405819996,0.5596814024368955,,-0.31798471967073716
mouse_kidney_visiumhd,VisiumHD,kidney,Timp3,7,6,0.9215343598301073,0.9888576382665726,0.987348180940786,,0.35742137272683
mouse_kidney_visiumhd,VisiumHD,kidney,Ass1,7,6,0.9215343598301073,0.5282495983511176,0.47931018521925445,,-0.1718292009367434
mouse_kidney_visiumhd,VisiumHD,kidney,Miox,7,6,0.9215343598301073,0.9847680731188813,0.9264904357159229,,-0.15599473113371765
mouse_kidney_visiumhd,VisiumHD,kidney,Odc1,7,6,0.9215343598301073,0.9000826563419027,0.8486770668198481,,0.021638576778245096
mouse_kidney_visiumhd,VisiumHD,kidney,Cox7b,7,6,0.9215343598301073,0.5181387785769049,0.9081853648734023,,0.9180891015333273
mouse_kidney_visiumhd,VisiumHD,kidney,Lrp2,7,6,0.9215343598301073,0.6772498113060065,0.6533963852426176,,-0.17613047553665978
mouse_kidney_visiumhd,VisiumHD,kidney,Atp5o,7,6,0.9215343598301073,0.5321632473629756,0.8650122548493776,,0.9180357894702843
mouse_brain_slideseqv2,SlideSeqV2,brain,Mbp,4,3,0.9868557770982411,0.9831425585596534,0.7755026391850461,,0.9342371387614309
mouse_brain_slideseqv2,SlideSeqV2,brain,Cst3,4,3,0.9868557770982411,0.9727880896274036,0.4415634768859385,,0.31816732424510835
mouse_brain_slideseqv2,SlideSeqV2,brain,Apoe,4,3,0.9868557770982411,0.9913620697921526,0.9851526166989888,,0.7331737502660286
mouse_brain_slideseqv2,SlideSeqV2,brain,Calm1,4,3,0.9868557770982411,0.9939136767758685,0.972581221045614,-0.8299139151206016,0.7368764446510458
mouse_brain_slideseqv2,SlideSeqV2,brain,Ckb,4,3,0.9868557770982411,0.9948432036667811,0.6627016070253529,,0.47677783162053544
mouse_brain_slideseqv2,SlideSeqV2,brain,Kif5a,4,3,0.9868557770982411,0.9974309511786836,0.997066234742705,,0.8646817447622668
mouse_brain_slideseqv2,SlideSeqV2,brain,Sparcl1,4,3,0.9868557770982411,0.8451873784958117,0.7367678583295673,,0.45719069557503494
mouse_brain_slideseqv2,SlideSeqV2,brain,Gnas,4,3,0.9868557770982411,0.9817533839641754,0.9975452573550766,,0.954355097832799
mouse_brain_slideseqv2,SlideSeqV2,brain,Cpe,4,3,0.9868557770982411,0.9985736472608013,0.9929973451063756,,0.9558807972235537
mouse_brain_slideseqv2,SlideSeqV2,brain,Meg3,4,3,0.9868557770982411,0.9285717691897897,0.5427779414590179,,0.9394347270358974
mouse_brain_slideseqv2,SlideSeqV2,brain,Calm2,4,3,0.9868557770982411,0.998044539529169,0.8980505097596208,-0.8374739166102464,0.7587344763349331
mouse_brain_slideseqv2,SlideSeqV2,brain,Snap25,4,3,0.9868557770982411,0.995941978530887,0.9482819355736856,-0.7997210993781255,0.6833412410702294
mouse_brain_slideseqv2,SlideSeqV2,brain,Aldoa,4,3,0.9868557770982411,0.9393740896290125,0.5709278575566051,-0.9751101418000577,0.9532407831802194
mouse_brain_slideseqv2,SlideSeqV2,brain,Tmsb4x,4,3,0.9868557770982411,0.99591277859464,0.9695676497137186,,0.8954275878262151
mouse_brain_slideseqv2,SlideSeqV2,brain,Cox4i1,4,3,0.9868557770982411,0.9857386412803393,0.9970710655570422,,0.9391597467375101
mouse_hippocampus_slideseqv2,SlideSeqV2,hippocampus,Ppp3ca,12,10,0.774920818834892,0.9577810498543888,0.9423771256951824,-0.07608075830699806,-0.07794441707185533
mouse_hippocampus_slideseqv2,SlideSeqV2,hippocampus,Olfm1,12,10,0.774920818834892,0.9779640227480981,0.9718831377970838,-0.04240874830199967,-0.032497410723739587
mouse_hippocampus_slideseqv2,SlideSeqV2,hippocampus,Atp1b1,12,10,0.774920818834892,0.8194765410957325,0.8226847947903723,,0.21832094728441753
mouse_hippocampus_slideseqv2,SlideSeqV2,hippocampus,Ncdn,12,10,0.774920818834892,0.9776795857790235,0.9722397338155324,,0.050935773467446044
mouse_hippocampus_slideseqv2,SlideSeqV2,hippocampus,Ttr,12,10,0.774920818834892,0.7685770264037395,0.7456135470663038,-0.060305058681313944,0.06492660209689448
mouse_hippocampus_slideseqv2,SlideSeqV2,hippocampus,Map1b,12,10,0.774920818834892,0.8539003129559668,0.8427415224603734,,0.2591663079900128
mouse_hippocampus_slideseqv2,SlideSeqV2,hippocampus,Nrgn,12,10,0.774920818834892,0.9163992665948204,0.9115000803140896,,-0.07014740397819463
mouse_hippocampus_slideseqv2,SlideSeqV2,hippocampus,Snhg11,12,10,0.774920818834892,0.40992871347924487,0.38835411785904816,,-0.030876947085190152
mouse_hippocampus_slideseqv2,SlideSeqV2,hippocampus,Mobp,12,10,0.774920818834892,0.731422540334203,0.7241676063944114,,-0.02622626489370068
mouse_hippocampus_slideseqv2,SlideSeqV2,hippocampus,Thy1,12,10,0.774920818834892,0.8827954277659942,0.8818240140217282,,0.20435376795268775
mouse_hippocampus_slideseqv2,SlideSeqV2,hippocampus,Qdpr,12,10,0.774920818834892,0.8823454488663143,0.8798265097096062,,-0.0044871203623386615
mouse_hippocampus_slideseqv2,SlideSeqV2,hippocampus,Itm2c,12,10,0.774920818834892,0.26155569281487495,0.21018048833825836,,0.840653638500874
mouse_hippocampus_slideseqv2,SlideSeqV2,hippocampus,Gabbr1,12,10,0.774920818834892,0.686640751215631,0.7942492723354827,,0.6427241192843511
mouse_hippocampus_slideseqv2,SlideSeqV2,hippocampus,Atp1a3,12,10,0.774920818834892,0.859912028246764,0.854743595307252,,-0.06741064105359199
mouse_hippocampus_slideseqv2,SlideSeqV2,hippocampus,Syt1,12,10,0.774920818834892,0.7867873658067921,0.7856105123391955,,-0.05029566287499017
mouse_brain_slideseqv2_regions,SlideSeqV2,brain,Cox6a1,8,7,0.6919269396336707,0.8554550072524749,0.8703827723602849,,-0.33449920501559055
mouse_brain_slideseqv2_regions,SlideSeqV2,brain,Mobp,8,7,0.6919269396336707,0.7508820451296265,0.7438311758259927,,0.7595928234310387
mouse_brain_slideseqv2_regions,SlideSeqV2,brain,Ttr,8,7,0.6919269396336707,0.4829025069939766,0.4802351335907535,-0.12764401393206126,-0.012857542927627417
mouse_brain_slideseqv2_regions,SlideSeqV2,brain,Qdpr,8,7,0.6919269396336707,0.8097247073523806,0.7749816937327615,,0.683392280711269
mouse_brain_slideseqv2_regions,SlideSeqV2,brain,Cmss1,8,7,0.6919269396336707,0.8432910961409609,0.8097988487505239,0.07221997529501206,0.421636828230776
mouse_brain_slideseqv2_regions,SlideSeqV2,brain,Ddn,8,7,0.6919269396336707,0.9501778050755865,0.932035953104756,,-0.026838739593637778
mouse_brain_slideseqv2_regions,SlideSeqV2,brain,Dbi,8,7,0.6919269396336707,0.9378514943999594,0.7166646746657358,,0.3979355501156914
mouse_brain_slideseqv2_regions,SlideSeqV2,brain,Pea15a,8,7,0.6919269396336707,0.9375933136007744,0.9282865563047711,,0.45265246926998876
mouse_brain_slideseqv2_regions,SlideSeqV2,brain,Uqcrh,8,7,0.6919269396336707,-0.38189881221547556,0.8795234265943255,,0.934256745003588
mouse_brain_slideseqv2_regions,SlideSeqV2,brain,Mal,8,7,0.6919269396336707,0.8971980378275861,0.9299731221454604,,0.5794578446962221
mouse_brain_slideseqv2_regions,SlideSeqV2,brain,Kif1a,8,7,0.6919269396336707,0.9378019734149436,0.5402332416443761,,0.3806338459091663
mouse_brain_slideseqv2_regions,SlideSeqV2,brain,Camk1d,8,7,0.6919269396336707,0.43379791768419024,0.6620750189300204,,0.587184146527696
mouse_brain_slideseqv2_regions,SlideSeqV2,brain,Nudt3,8,7,0.6919269396336707,0.9393409205111849,0.877773027240187,,-0.1633546167659346
mouse_brain_slideseqv2_regions,SlideSeqV2,brain,Fkbp8,8,7,0.6919269396336707,-0.13236315447199715,0.8689125920061754,,0.9344941594670945
mouse_brain_slideseqv2_regions,SlideSeqV2,brain,Mapk8ip1,8,7,0.6919269396336707,0.967901398917437,0.6595616465204215,0.5495429354319297,0.6188374174172505
