cell_id,microniche,x,y
AAACGAATCAATCTCT-1,4,1628.7678751638587,2056.9798881522092
AAAGGATGTATAATGG-1,4,1549.1857794359862,2214.2829476498287
AAAGGGCTCCCTAGGG-1,1,598.3025591434391,1250.3447584118048
AAAGGGCTCTAACACG-1,1,833.6679883210207,1259.9797393851222
AAATGGACAATCGAAA-1,0,1911.4641064022844,732.7208083383359
AACAAGAAGATTGACA-1,4,1505.3445183788003,2431.339367925282
AAGACAACATCGTCCT-1,2,1335.4917668415071,1336.3819286228027
AAGATAGGTAATTGGA-1,1,862.2510809551189,1257.9836494955346
AAGATAGTCAAGAGTA-1,3,823.8126822056245,1593.027138895796
AAGCATCCATGTAACC-1,4,1399.7480407448702,2239.958000271126
AAGGAATTCAAGAAAC-1,0,1943.604224634856,641.378195016777
AAGGTAACAATGCTCA-1,4,1651.1079403118003,2133.9576793325946
AAGGTAATCCCTTGTG-1,1,984.506950355369,1338.628322646446
AAGTACCAGTCTGCGC-1,3,314.32150696701046,1228.7764740322439
AAGTACCCAGAGGCAT-1,4,1069.3865654357846,2210.742701262805
AAGTCGTCAATGAACA-1,0,1753.5269133119043,606.1265725669713
AAGTTCGCAGAAGCTG-1,0,2079.4829588172165,922.4103279372599
AAGTTCGGTTCGGTTA-1,4,1180.3381325865155,2276.2166799389743
AATCACGCAGCTCTGG-1,0,1767.6432707311108,679.4772322838421
AATGAAGAGCGCCTTG-1,4,1419.4254213985578,2343.851690776494
AATTCCTGTTCTGACA-1,4,1274.3363194030474,2220.623369267783
ACACCAAGTCACGTGC-1,3,428.0991794067705,1885.612499665261
ACCAAACCACGGCGTT-1,4,1411.500209196724,2304.7336282900983
ACCCTCAGTGTCATTG-1,3,329.43186912464085,1248.370176336171
ACCTGAAGTACACGCC-1,1,801.9273504248561,1378.2287482419154
ACGATGTGTTACACTG-1,3,546.1425315216601,1308.291328365003
ACGCACGTCCCATAGA-1,2,1565.8997688915736,1177.4873691759287
ACGTCCTAGAACTGAT-1,0,1869.6632295902689,682.0765887666282
ACGTTCCGTTTCGATG-1,1,706.3621149826188,1159.3233290637675
ACTATCTCATTAAGCC-1,4,1340.4468711147686,2171.6111695268637
ACTATGGCAAGATGGC-1,3,873.7203634093223,1622.1299620473949
ACTGTCCAGTGCGCTC-1,3,499.2533064594344,1772.0687085058476
ACTGTGAAGACTCTAC-1,0,1534.604716538059,624.1359146411736
ACTTTGTGTACCTAGT-1,0,2031.8636191708238,857.3799919476791
AGAAATGGTCCTCCTA-1,1,857.5940999901297,1308.4033676812126
AGAACAAGTTGGTACT-1,4,2379.0008202286112,1644.661500982669
AGAAGTAGTCCGAAAG-1,3,597.7813142807564,1528.4517951102587
AGACCATCACCACATA-1,1,926.0034587513411,1354.532976313758
AGACTCAGTTGAAGTA-1,0,1865.736689077082,647.704580999919
AGAGCCCAGACTCCGC-1,4,1610.0725237360907,2119.947463259902
AGATCGTCACAGAAGC-1,2,1338.9840460326134,1301.305293193731
AGATGAACAGCTGTCG-1,4,1634.7340246146912,2396.6960463099726
AGATGAAGTAGGCAGT-1,0,1984.6786701040248,1009.437051026652
AGCGTCGAGACTTCCA-1,4,1559.6188213587377,1940.6337677499284
AGCTACAGTAGCTCGC-1,4,1662.7145648165213,2081.880838903348
AGGCATTAGCGTGAGT-1,4,1714.3939498074003,2014.6502252555258
AGGCTGCAGAAGCTGC-1,4,1415.8681493992415,2019.7575113546136
AGGGCTCAGTCCTACA-1,1,587.0127887226587,1249.7313344064742
AGGGCTCCATATACCG-1,4,1150.306308596442,2332.161555360044
AGGGTGAAGTTTCAGC-1,0,1975.4430885201834,738.2583266247742
AGGTAGGTCAATCTCT-1,3,311.43328580424674,1303.3248204457357
AGGTTACGTGAATAAC-1,4,1453.5491205927217,2374.2966068962596
AGTAGCTCACGCTGCA-1,1,706.3397997556411,1239.4585436489629
AGTAGTCAGAGGTATT-1,3,2095.7199662229755,1539.4164703612555
ATACCGATCTCTCAAT-1,2,1664.5891815665696,1224.8008914050913
ATAGACCGTATGTCTG-1,3,481.94308219778367,1436.6493732495946
ATCAGGTGTGAGATAT-1,4,1637.9258770021745,2123.6026567833524
ATCATTCGTATCAGGG-1,4,1234.5207822252821,2160.1034432197366
ATCATTCGTTCTATCT-1,4,2260.5984072130996,1769.224941167356
ATCCACCAGTGACACG-1,1,905.5192975631028,1413.0886163342698
ATCCGTCGTTTCTATC-1,4,1142.0388092691992,2376.936235563983
ATCCGTCTCGTCAGAT-1,4,1451.2686815136544,2336.803935726769
ATCTTCAGTAAGGCCA-1,2,1366.5226075747942,1409.8406026634543
ATGAAAGGTACGCGTC-1,4,1727.3514714032367,2190.766391695755
ATGACCAGTAGGAAAG-1,3,926.9792634845859,1518.010314030536
ATGAGGGGTCTTACTT-1,3,600.6945226906747,737.6320925517897
ATGCATGAGACCAAGC-1,2,1755.7561836225248,1320.7658089004779
ATGCATGCATGGCTGC-1,4,1305.7358402926682,2274.669993816813
ATGGAGGAGATACAGT-1,1,728.3146529756893,1295.7093088586053
ATGGGAGTCTCGCTTG-1,3,352.7521184819015,1257.2594005027595
ATGGGTTGTGCATGTT-1,1,1046.1177963823986,1327.2249180369272
ATGTCTTAGTCGTCTA-1,4,1512.0051028642147,2220.53085683482
ATTCATCCATGGTGGA-1,2,1627.9131124069856,1257.1164618806306
ATTCCCGCATAGATCC-1,1,1039.0711313824154,1444.587892333158
ATTCCCGTCCGCTGTT-1,4,1441.5092370098519,2304.4645151313025
ATTCCTAAGGCAGGTT-1,4,1520.8854257716223,2297.9511513103994
ATTCTACGTAGCTTGT-1,1,756.8695774448042,1334.0299848546554
ATTTACCCACCTTCGT-1,1,1034.5636351083765,1480.7898218144596
ATTTCACAGTCGCTAT-1,4,1338.3295473977623,2163.8108038537907
CAACGATGTGTCCATA-1,0,1888.2835133431527,789.7284995932738
CAAGAGGTCCAATGCA-1,4,1017.5144976056054,2242.6737962769116
CAATCGACAATTTCCT-1,2,1647.1164046163542,1291.678558554911
CAATTTCAGTTCATGC-1,2,1296.3555894980136,1392.3363984173955
CACCGTTTCTACTCAT-1,3,904.4895981593459,1457.2438389299348
CACGAATGTCCCTAAA-1,2,1399.4370067397654,1318.2534723558492
CACGGGTTCAGCCTCT-1,1,719.1821211235979,1222.2283864950443
CACTTCGAGTCATACC-1,1,750.6226019416116,1298.6028897311867
CAGAGCCAGGCACTCC-1,2,1363.3101198120316,1325.441618428107
CAGATTGAGCCTAACT-1,3,626.4445676469903,1759.0041770783184
CAGCCAGGTACTCCGG-1,3,310.12904545423646,1322.4765899764652
CAGGCCACAGAGTGAC-1,0,1913.955172734744,957.2679051224688
CAGGGCTGTACCCAGC-1,0,1700.44644141024,770.4617769797801
CATACAGGTTTGAACC-1,3,617.5552581590713,1431.2979841258752
CATCGCTTCGCAGTGC-1,3,777.605177552089,1566.8567167411595
CATGGTATCAGACATC-1,4,1192.4015183865083,2454.570919079402
CATTCCGGTTTGTTCT-1,4,1218.8009884542926,2394.3856564056346
CATTGAGAGCCTTTGA-1,2,1460.9608017569383,1435.8834914362162
CATTTCAAGCGTTAGG-1,3,587.2285682045958,1465.61300825574
CCAATGAAGCAAATCA-1,4,1607.8807431780224,2207.9244314605353
CCACACTGTTTCCAAG-1,2,1747.106757425833,1267.9386981823848
CCACCATAGGAATCGC-1,3,969.8429875520048,1565.9919692545332
CCCATTGCATTCACCC-1,3,902.2397614935305,1475.704937135456
CCCGGAAAGGTGAGAA-1,4,1359.6990633374412,2198.1609487288647
CCCTTAGTCGCAGTGC-1,4,1433.1006832802634,2190.3166414628736
CCGTGAGAGTTTAGGA-1,3,861.0694621724966,1540.5380308196504
CCTAACCAGACGGAAA-1,0,1756.0293325371058,769.1136223902822
CCTCCAAGTCGCATTA-1,4,1510.8226257925407,2452.288823508356
CCTTGTGCAATGTTGC-1,4,1966.4719072198104,2303.3720812829615
CCTTTGGGTCTCAAGT-1,0,1726.7963521641877,921.3005656293791
CCTTTGGGTCTGTAAC-1,4,1124.63074836083,2478.727443831927
CGAAGGAGTATCTTCT-1,3,551.6979626968498,1552.5666578729981
CGAAGGAGTGTATTCG-1,4,1623.0376902053404,2372.4371130106356
CGAGTGCCAGTAACGG-1,1,970.904821917282,1452.8585900914816
CGAGTTACAAGCAATA-1,4,1178.6369200543577,2122.8188815426283
CGATGCGAGAAACACT-1,0,2034.2953111193165,672.4353964778696
CGCCAGATCTGCATGA-1,1,870.3821603109586,1436.1621701027725
CGCGTGAAGTAACCTC-1,1,547.8431780757971,1029.9949481575932
CGGCAGTCACTCCGGA-1,3,494.0019260064624,807.8127284916832
CGTAATGTCAACGCTA-1,4,1502.895242214395,2348.873506951432
CGTGATACAACGCCCA-1,4,1091.26870695726,2267.6267179696865
CGTGCTTAGCAATAAC-1,1,564.0853400907346,1269.9696124815798
CGTTCTGCACACCTGG-1,4,1708.9272902635066,2118.7201057608568
CGTTGGGCAATGAACA-1,1,632.699180819919,1243.2553662325436
CTAACCCAGATTGGGC-1,1,1008.8345660848219,1255.886163381173
CTACAGAGTACCTAAC-1,3,438.14823447211444,1415.0315348713748
CTAGACAAGATGCAGC-1,3,380.8857800538453,1267.5836624130964
CTAGGTATCCCGTTCA-1,4,1408.7532889556762,2181.5427094010884
CTCAACCGTTCAAGTC-1,1,867.1237552063285,1241.3335555528365
CTCAATTCACATACGT-1,1,806.2288123270969,1291.5759596547755
CTCAGGGAGAGAGCCT-1,1,862.7013606768031,1321.8003085704179
CTCTCAGCAATCGCAT-1,0,2001.0807887739913,675.2416411564786
CTGAGCGTCTCTCTAA-1,0,1811.2335486188917,640.350052224579
CTGGACGTCCAACCGG-1,2,1392.0019814618192,1374.1176066966104
CTGTACCTCCTTCTGG-1,1,925.5731638103971,1275.9521890587378
CTGTAGAGTCACGACC-1,3,752.304661848259,769.5942854279454
CTTACCGTCGTTCTAT-1,1,1015.0220108116577,1370.7151437117034
CTTCTCTGTGATATAG-1,4,1446.658896807923,2196.0291632802746
CTTGATTCAAGTACCT-1,4,909.4154234407827,2222.8601522028675
CTTTCAAAGACCGTTT-1,3,612.5622272251212,1476.6875988985764
GACCTTCTCCTCCACA-1,1,938.1515674916449,1321.1257303316843
GACGCTGCATGGGTTT-1,4,1249.843485289594,2209.9746826530236
GAGACTTCAAGCCCAC-1,4,2362.972362983034,1075.5671205748813
GAGCCTGAGCGAGAAA-1,4,1626.5549621414916,2117.0522873997625
GAGGCCTAGATGGTAT-1,0,1699.3578631184535,836.020205394496
GAGGCCTCAAGCTCTA-1,4,1214.6910515908962,2448.6785258940445
GAGGGTAAGTGCACCC-1,3,827.7364192264209,1548.6711208572267
GAGTGAGCAGGCATTT-1,1,1002.8398491594446,1358.498586621187
GAGTGTTAGTAACAGT-1,0,1850.2569690957844,706.4370382663445
GAGTTGTCACAAATGA-1,4,1151.2906480754204,2223.423009595986
GATGTTGGTCTTACAG-1,0,1643.4802807262345,853.8501881370548
GATTGGTCACGAAAGC-1,4,1196.1141112654855,2211.8432226051027
GATTGGTGTCAGGTAG-1,0,1983.83973727424,1054.647134814677
GCACGTGAGAGGCTGT-1,3,452.37364783205845,1297.2013371883181
GCAGGCTAGTTGGAGC-1,1,705.0549490566967,1034.850688060264
GCATTAGGTCTCTCCA-1,1,784.3017888108084,1323.9762049517262
GCCAACGAGGTAAACT-1,4,1708.9429832939725,2046.5436433804475
GCCCGAAAGCACTCCG-1,4,1173.5213460899,2340.0940885364666
GCCGTGACAGTTCCAA-1,1,801.344241987198,1314.2142683224704
GCGATCGTCTGGAAGG-1,1,594.9087155476536,1255.0476953099637
GGATGTTGTATCTCTT-1,4,1036.9738179583667,2419.8960740525354
GGGATCCAGCTCTTCC-1,0,1697.4582751067117,990.0761867558895
GGGCTCAAGGATCATA-1,4,1375.4408552140312,2006.9997540642744
GGGTAGAAGATGCTAA-1,0,1967.862814925444,686.7516703359548
GGGTATTCATCCGAGC-1,4,930.1713339281288,2403.8852978123105
GGGTCTGAGAAGCCTG-1,1,1007.1477862705328,1323.2773679894246
GGTGTCGAGCCATTGT-1,1,718.8939691009668,1315.449736159283
GGTGTTACAATCTGCA-1,4,1501.8842943294426,2020.984816035692
GGTTGTAGTGGAGAAA-1,4,1185.6342764353221,2134.6342416278108
GTAATGCCAACCAACT-1,0,1813.99991531162,832.2157272597487
GTATTGGTCGTGGGTC-1,0,1920.9088981203079,717.0712396059572
GTATTTCGTCACAGAG-1,4,1148.7369428019683,2444.0265951892984
GTCATGAGTAGTCTGT-1,1,599.4997663865453,1229.7118599062624
GTCATTTTCTCATGCC-1,4,1648.5527892182486,2099.37948683831
GTCGAATGTGATGAAT-1,4,1411.1110464187602,2303.4696943491813
GTCGTAATCTACACTT-1,4,1214.989815285394,2397.410287969769
GTCGTTCCATTACGGT-1,4,940.5490740296536,2343.5862604368376
GTCTGTCGTTCGAGCC-1,2,1312.612739544981,1349.5052089209632
GTGAGTTAGTGGAAAG-1,4,1173.2259496075694,2223.814918908217
GTGTAACGTAACGGTG-1,2,1696.4057384886216,1225.9931538667472
GTGTCCTCATCTCGTC-1,0,1556.6533896347844,573.5857369466892
GTTAGACGTTAAACCC-1,1,959.8310895757666,1277.6813214280292
GTTCATTGTATCCTCC-1,2,1388.1163512805285,1311.0872988586427
GTTCGCTGTTCCGCAG-1,4,1701.916824707594,2312.1770117164488
GTTCTATCAGGTATGG-1,3,886.03547463403,1614.1941257439858
GTTGCGGAGTCCGCGT-1,1,1052.8079841227513,1364.9905564308817
GTTGCTCGTAGACTGG-1,1,793.2756813782747,1277.880525003248
TAACACGAGCGCCTCA-1,3,864.299789803685,752.0443921053643
TAACGACGTGCCTGCA-1,1,639.1427825538213,1227.5071704221932
TAACGACTCCGGTAGC-1,3,593.3277620230305,1721.8231636021928
TAAGCGTGTTCCATTT-1,0,1759.5422022606838,788.2404642464079
TAATCTCGTCTAACTG-1,1,625.2670113960755,1227.6595046323657
TACACCCCAATGTGGG-1,3,1825.3930821274414,1108.849091379136
TACAGGTAGGTTACAA-1,1,686.9915742815461,1294.536440014861
TACATTCAGCTAATCC-1,3,2046.3903087604672,1600.029207700257
TACATTCGTACAGCGA-1,3,857.4112633134788,1605.4614697185204
TACCCACCAACCAATC-1,3,679.0672773609383,1443.3555400916196
TACGCTCCACAGACGA-1,4,1503.9964780999298,2230.8779612079343
TACGGGCCAGAGGGTT-1,2,1375.9248772387118,1478.7819479521886
TACTGCCTCTCAATCT-1,4,861.1310766196968,2258.7460626992993
TACTTACGTCAGGTAG-1,4,1163.1422405239014,2253.8690681549983
TACTTGTTCTTCACGC-1,3,592.138846751713,1337.1295985663419
TAGATCGAGGTTCCGC-1,2,1359.813382756027,1227.6936528431627
TATCGCCTCGCACGAC-1,2,1138.0802408112531,1593.2932592862155
TATTCCAAGACATCCT-1,3,301.74182477393487,1189.5787882040381
TATTGGGGTCCCTAAA-1,3,408.06167682519106,1474.5564019325486
TATTTCGCAGACCTAT-1,4,1757.9600408862552,2060.559687777267
TCAAGCAGTCTCAGGC-1,1,587.0337165119012,1152.1448699424243
TCAAGTGTCCGGCAGT-1,3,434.7796870543367,1892.6665311710444
TCAATCTCACACGGAA-1,0,2039.6794135732143,801.4376194407031
TCAATCTTCGATACGT-1,4,1388.8029498096294,2250.0565279445127
TCAATTCCAGACCAGA-1,4,1438.9390708248832,2335.854566416757
TCACACCCAACCGCTG-1,3,942.0564987966357,1567.1978034321862
TCACATTCAAGGGTCA-1,1,637.4402322499691,1007.2478663515944
TCAGGTAGTTGGACTT-1,4,1421.2648720866819,2175.5013271795196
TCATGCCAGATGGTAT-1,4,1570.5598507214231,2454.2254903606663
TCATTACAGGTGAGAA-1,3,482.35149223402465,1431.1879008465137
TCATTCACAACTCGAT-1,0,1867.217505176416,668.3276712570454
TCATTCAGTCCTTGTC-1,1,517.5112635375252,1243.9399293045258
TCATTTGAGTTCTCTT-1,1,1039.8754188826256,1404.5897934999518
TCATTTGTCAGCTCTC-1,0,2054.3855699018422,662.2995519482104
TCCCACATCCTCTCGA-1,1,832.7783663895203,1185.3232148178713
TCCTCCCGTCTCACGG-1,1,866.3104987613756,1352.4045813810433
TCCTGCAAGTATGGAT-1,1,696.3421109753784,1235.9773624896732
TCGACCTTCTAGTGTG-1,1,817.8770898157751,1340.2239718068995
TCGCAGGAGCGGTAAC-1,4,1026.81560253056,2159.4326345717363
TCGCAGGGTGTCCACG-1,4,943.4574536625075,2325.661663400108
TCGCTCAAGGCTGGAT-1,4,1484.1128971948065,2207.75601229592
TCGCTTGAGACTCGAG-1,3,807.2496129453813,744.9610575409183
TCGGGCACAAGGGTCA-1,4,1030.1662758579737,2392.1260209863326
TCGTGCTTCAGAGCAG-1,4,1588.834671357279,2156.331689064265
TCTACATTCCATTTAC-1,3,354.19136845848465,1611.8730882177474
TCTACATTCCGGCAAC-1,3,581.7670863092638,1515.4767544037447
TCTATACGTTTGAAAG-1,0,1658.1738459256615,912.8138902709525
TCTATCAGTATCCCAA-1,0,1926.362557000266,788.2725792500452
TCTCACGAGACAACAT-1,1,726.7611094522525,1222.0940310067065
TCTCACGGTCATAGTC-1,3,310.7457482780664,1167.1699974126302
TCTGGCTGTTCCTAGA-1,3,414.658358272129,1326.356242840266
TCTGGCTGTTCGTTCC-1,3,804.6321592026366,731.7766840151018
TCTGGCTTCTTGAACG-1,1,724.5741784791443,1297.564900858471
TCTTAGTAGATCACCT-1,4,1482.6819328757051,2417.1381066315375
TGAACGTGTCTGTGTA-1,1,751.3610518950301,1392.441607146471
TGAATGCCAGAGTGTG-1,1,742.8699969563762,1249.6373664333566
TGAATGCCATGTAACC-1,0,1801.008152573501,897.558594348929
TGACTCCAGCCAGACA-1,4,1145.8942823557868,2201.21298574448
TGATCAGCAGTTCTAG-1,4,1527.5407235678272,1931.2314175391812
TGATGCATCCTCAGAA-1,1,941.6617878357403,1337.0248209721349
TGCACGGGTGCTGATT-1,3,898.2624694047106,1641.6742559100917
TGCCGAGTCTCCCAAC-1,3,2143.5530048827395,1677.4311780098187
TGCGACGTCCAGTGCG-1,3,879.2101829365931,779.1450596931336
TGCGGCAAGCCGAACA-1,1,998.9517299116673,1340.952362832863
TGCGGCACATGTCAGT-1,4,1974.7077288143369,2298.842289330349
TGCTCCATCCTTCACG-1,0,1967.4711229760214,1035.73733114699
TGCTTGCTCGATTGGT-1,1,739.1981616140181,998.4063717619237
TGGAACTAGTTTGAGA-1,4,1096.299609919363,2395.3631481506236
TGGAGAGCATAAGCGG-1,0,2051.8249362390684,732.1923368121548
TGGAGGATCCACGTCT-1,1,626.2622999543386,1068.167547845939
TGGATCACATGTCTAG-1,0,2009.5006715786537,736.8819384313128
TGGATCAGTCTTACAG-1,4,1460.7727283699608,2386.3083264607844
TGGATCAGTGAGTTTC-1,0,1522.542035737189,556.3982184731378
TGGATGTTCGGCTTCT-1,2,1362.220254082307,1274.171383298227
TGGGAAGGTCCTCCTA-1,4,1689.390044456178,1987.4486723505127
TGGGAAGGTCTAGGTT-1,3,328.4368435008184,1371.6753715936934
TGGGATTAGGTGCAGT-1,4,927.763957032614,2193.202153642106
TGGTGATGTCTAGGTT-1,1,741.6318641703783,1324.7988447816376
TGTACAGAGAGGCTGT-1,1,818.8849638179038,1246.5256918727994
TGTAGACTCTCATGCC-1,0,2058.3557721741686,683.2000679573604
TGTCCCAAGCGCAATG-1,1,959.3190063051742,1225.99898649708
TGTGCGGGTGTTTCTT-1,0,2045.2787772249892,959.895385555266
TGTGGCGAGGTTCCAT-1,0,1956.217180617839,684.6965329962708
TGTTACTAGAAGTGTT-1,3,807.9396527139245,1552.997301234489
TGTTACTTCTCTCGCA-1,4,1073.0117878999272,2295.9081223075364
TGTTCATAGTAATCCC-1,1,551.3319463770213,1261.2383759946836
TGTTTGTCATTAAGCC-1,4,1139.902337680071,2252.464282689958
TGTTTGTTCCCTAGGG-1,0,1974.8913604183165,630.125511387007
TTACAGGGTAGAGGAA-1,1,705.1857966428535,1243.4230439150974
TTACCGCCATGTGCTA-1,3,501.72837888232397,823.035552022979
TTAGGCAGTAGTAAGT-1,2,1604.827552935385,1121.5631119296468
TTCATTGGTACGAGTG-1,3,621.5957564247951,1833.1586519935886
TTCCAATGTCATCGCG-1,3,778.2056035479277,1618.3509755312723
TTCCGGTTCTGTTCAT-1,3,920.1424300870642,1634.4415187156203
TTCCTTCTCCACTTCG-1,4,1888.2051305000066,2120.5948388563943
TTCGATTCACCCTAGG-1,4,1145.0566345421805,2320.997482272653
TTCTAACCACAACGTT-1,0,1938.4225105666676,1028.4361237685384
TTCTTGATCCTAGCCT-1,0,2047.101583939245,801.7173128913366
TTGCCTGGTTCTCGCT-1,4,1578.0156330054356,2165.2695538340026
TTGCCTGTCCTCATAT-1,4,1048.8621662575774,2166.660907260604
TTGCTGCTCGGTTAGT-1,1,944.4720324667651,1339.7046751624764
TTGGGCGGTTGTTGCA-1,1,919.468050289418,1406.3081502612279
TTGGGTATCTTTCCAA-1,2,1656.7658069658455,1208.597584321715
TTTACCAGTCCAGTTA-1,0,1966.28529971419,943.156808236795
TTTACGTTCGCCTTTG-1,2,1646.2330241248387,1265.0927671078753
TTTATGCGTACGCTTA-1,4,1175.507421675185,2283.418409685923
TTTCAGTGTTAGTCGT-1,1,787.7148815762561,1183.5019646356093
TTTGACTTCTCATTTG-1,4,1508.3195722290018,2218.696995729936
